{"_step":25,"stage1/vae_loss":0.00042906081095376675,"_wandb":{"runtime":250},"_timestamp":1.7614416597320445e+09,"_runtime":250.216788409}