{"_runtime":255.044403256,"_step":25,"stage1/vae_loss":0.000387581991769063,"_wandb":{"runtime":255},"_timestamp":1.7614288001335204e+09}